Set	Organism	Sample	Type of read	Length of raw read	Number of raw reads	Number of high quality reads	Number of mapped reads	Alignment rate
CB	Capsicum baccatum "PBC81"	pericarp-1	PE	126	11365156	11128474	5503675	98.91
CB	Capsicum baccatum "PBC81"	pericarp-2	PE	126	11425030	11199834	5536618	98.87
CB	Capsicum baccatum "PBC81"	pericarp-3	PE	126	32373402	29834338	5370713	36
CB	Capsicum baccatum "PBC81"	placenta-1	PE	126	9498054	9312390	4599279	98.78
CB	Capsicum baccatum "PBC81"	placenta-2	PE	126	10831476	10606888	5243590	98.87
CB	Capsicum baccatum "PBC81"	placenta-3	PE	126	9599906	9395602	4644314	98.86
CB	Capsicum baccatum "PBC81"	stem-1	PE	126	27928864	26070078	5636303	43.24
CB	Capsicum baccatum "PBC81"	stem-2	PE	126	12631034	12310302	6025491	97.89
CB	Capsicum baccatum "PBC81"	stem-3	PE	126	30065376	26939028	4616348	34.27
CB	Capsicum baccatum "PBC81"	flower-1	PE	126	26745244	21636894	4675846	43.22
CB	Capsicum baccatum "PBC81"	flower-2	PE	126	9007276	8638050	4203708	97.33
CB	Capsicum baccatum "PBC81"	pericarpM-1	PE	126	11581676	11359008	5601564	98.63
CB	Capsicum baccatum "PBC81"	pericarpM-2	PE	126	12453072	12199492	6011305	98.55
CB	Capsicum baccatum "PBC81"	pericarpM-3	PE	126	11131000	10912796	5070915	92.94
CB	Capsicum baccatum "PBC81"	placentaM-1	PE	126	11995022	11759450	5790284	98.48
CB	Capsicum baccatum "PBC81"	placentaM-2	PE	126	12537818	12279592	6062150	98.74
CB	Capsicum baccatum "PBC81"	placentaM-3	PE	126	13048646	12790318	6315022	98.75
CB	Capsicum baccatum "PBC81"	leaf-1	PE	101	15694816	14279058	7012262	97.33
CB	Capsicum baccatum "PBC81"	leaf-2	PE	101	14164792	13422732	6577504	97.47
CB	Capsicum baccatum "PBC81"	leaf-3	PE	101	15665678	14597316	7139947	97.15
CB	Capsicum baccatum "PBC81"	root-1	PE	101	13093384	12533798	6173334	98.01
CB	Capsicum baccatum "PBC81"	root-2	PE	101	18202358	16836300	7496261	88.36
CB	Capsicum baccatum "PBC81"	root-3	PE	101	12509506	11938222	5882505	98.02
CaCM334_virus	Capsicum annuum "CM334"	mock_0-1	PE	101	14247564	13460414	6381635	94.82
CaCM334_virus	Capsicum annuum "CM334"	mock_0-2	PE	101	11479164	10755908	5128889	95.37
CaCM334_virus	Capsicum annuum "CM334"	mock_0-3	PE	101	14247160	13312440	6245215	93.83
CaCM334_virus	Capsicum annuum "CM334"	mock_1D-1	PE	101	13956488	13116480	6268147	95.58
CaCM334_virus	Capsicum annuum "CM334"	mock_1D-2	PE	101	14019888	13112754	6256714	95.43
CaCM334_virus	Capsicum annuum "CM334"	mock_1D-3	PE	101	15089948	14242170	6866258	96.42
CaCM334_virus	Capsicum annuum "CM334"	mock_2D-1	PE	101	18733774	17500238	8309810	94.97
CaCM334_virus	Capsicum annuum "CM334"	mock_2D-2	PE	101	16428422	15415314	7301429	94.73
CaCM334_virus	Capsicum annuum "CM334"	mock_2D-3	PE	101	16507042	15430218	7338118	95.11
CaCM334_virus	Capsicum annuum "CM334"	mock_30m-1	PE	101	13501810	12655460	6043366	95.51
CaCM334_virus	Capsicum annuum "CM334"	mock_30m-2	PE	101	14930100	13983356	6521632	93.28
CaCM334_virus	Capsicum annuum "CM334"	mock_30m-3	PE	101	11494606	10781744	5192231	96.32
CaCM334_virus	Capsicum annuum "CM334"	mock_3D-1	PE	101	13345894	12533224	5933902	94.69
CaCM334_virus	Capsicum annuum "CM334"	mock_3D-2	PE	101	15423690	14474698	6814067	94.15
CaCM334_virus	Capsicum annuum "CM334"	mock_3D-3	PE	101	17228266	16176840	7618956	94.2
CaCM334_virus	Capsicum annuum "CM334"	mock_4h-1	PE	101	14822668	13989204	6745410	96.44
CaCM334_virus	Capsicum annuum "CM334"	mock_4h-2	PE	101	27919330	26338342	12530253	95.15
CaCM334_virus	Capsicum annuum "CM334"	mock_4h-3	PE	101	16804868	15909092	7677290	96.51
CaCM334_virus	Capsicum annuum "CM334"	mock-up-1	PE	101	14177032	13228008	6201740	93.77
CaCM334_virus	Capsicum annuum "CM334"	mock-up-2	PE	101	14605258	13671894	6386407	93.42
CaCM334_Pc	Capsicum annuum "CM334"	Pc_0h-1	PE	151	10194432	9429210	3980184	84.42
CaCM334_Pc	Capsicum annuum "CM334"	Pc_0h-2	PE	151	12804912	11853164	5007839	84.5
CaCM334_Pc	Capsicum annuum "CM334"	Pc_0h-3	PE	151	12565978	11634584	4882252	83.93
CaCM334_Pc	Capsicum annuum "CM334"	Pc_12h-1	PE	151	16486052	15504678	7111543	91.73
CaCM334_Pc	Capsicum annuum "CM334"	Pc_12h-2	PE	151	7886626	7788978	3713822	95.36
CaCM334_Pc	Capsicum annuum "CM334"	Pc-12h-3	PE	151	8028460	7929806	3775088	95.21
CaCM334_Pc	Capsicum annuum "CM334"	Pc_1D-1	PE	151	8939922	8827790	4170741	94.49
CaCM334_Pc	Capsicum annuum "CM334"	Pc_1D-2	PE	151	6042784	5963818	2814667	94.39
CaCM334_Pc	Capsicum annuum "CM334"	Pc_1D-3	PE	151	6343010	6235740	2942348	94.37
CaCM334_Pc	Capsicum annuum "CM334"	Pc_1h-1	PE	151	9942444	9287058	3966740	85.43
CaCM334_Pc	Capsicum annuum "CM334"	Pc_1h-2	PE	151	14074728	13161204	5655938	85.95
CaCM334_Pc	Capsicum annuum "CM334"	Pc_1h-3	PE	151	13120344	12243124	5230432	85.44
CaCM334_Pc	Capsicum annuum "CM334"	Pc_2h-1	PE	151	15949586	14933234	6729344	90.13
CaCM334_Pc	Capsicum annuum "CM334"	Pc_2h-2	PE	151	13582290	12695164	5515286	86.89
CaCM334_Pc	Capsicum annuum "CM334"	Pc_2h-3	PE	151	11258418	10612270	4805950	90.57
CaCM334_Pc	Capsicum annuum "CM334"	Pc_4h-1	PE	151	13493556	12839824	5888299	91.72
CaCM334_Pc	Capsicum annuum "CM334"	Pc_4h-2	PE	151	16035498	15008560	6836596	91.1
CaCM334_Pc	Capsicum annuum "CM334"	Pc_4h-3	PE	151	15250942	14456822	6629652	91.72
CaCM334_Pc	Capsicum annuum "CM334"	Pc_6h-1	PE	151	14309524	13503768	6185518	91.61
CaCM334_Pc	Capsicum annuum "CM334"	Pc_6h-2	PE	151	14264884	13490462	6203864	91.97
CaCM334_Pc	Capsicum annuum "CM334"	Pc_6h-3	PE	151	14126962	13234972	6063861	91.63
CaCM334_Pc	Capsicum annuum "CM334"	TDW_12h-1	PE	151	3322510	3281530	1530454	93.28
CaCM334_Pc	Capsicum annuum "CM334"	TDW_12h-2	PE	151	3543424	3487246	1631793	93.59
CaCM334_Pc	Capsicum annuum "CM334"	TDW_12h-3	PE	151	2659256	2612580	1202733	92.07
CaCM334_Pc	Capsicum annuum "CM334"	TDW_1D-1	PE	151	5268656	5146012	2352729	91.44
CaCM334_Pc	Capsicum annuum "CM334"	TDW_1D-2	PE	151	5688524	5554364	2533390	91.22
CaCM334_Pc	Capsicum annuum "CM334"	TDW_1D-3	PE	151	4968344	4812288	2148962	89.31
CaCM334_Pc	Capsicum annuum "CM334"	TDW_1h-1	PE	151	7515280	7339528	3195073	87.06
CaCM334_Pc	Capsicum annuum "CM334"	TDW_1h-2	PE	151	7615816	7432138	3193461	85.94
CaCM334_Pc	Capsicum annuum "CM334"	TDW_1h-3	PE	151	8068880	7883206	3384961	85.88
CaCM334_Pc	Capsicum annuum "CM334"	TDW_2h-1	PE	151	7460788	7311788	3278042	89.66
CaCM334_Pc	Capsicum annuum "CM334"	TDW_2h-2	PE	151	7242400	7101550	3181138	89.59
CaCM334_Pc	Capsicum annuum "CM334"	TDW_2h-3	PE	151	8173192	8015574	3597848	89.77
CaCM334_Pc	Capsicum annuum "CM334"	TDW_4h-1	PE	151	7019244	6897386	3174893	92.06
CaCM334_Pc	Capsicum annuum "CM334"	TDW_4h-2	PE	151	7433260	7304272	3356327	91.9
CaCM334_Pc	Capsicum annuum "CM334"	TDW_4h-3	PE	151	6743834	6640346	3070799	92.49
CaCM334_Pc	Capsicum annuum "CM334"	TDW_6h-1	PE	151	2957356	2911896	1357492	93.24
CaCM334_Pc	Capsicum annuum "CM334"	TDW_6h-2	PE	151	2800780	2753866	1289407	93.64
CaCM334_Pc	Capsicum annuum "CM334"	TDW_6h-3	PE	151	3577496	3518916	1644041	93.44
CaCM334_Pc	Capsicum annuum "CM334"	mc_1D-1	PE	151	5391426	5078124	2278511	89.74
CaCM334_Pc	Capsicum annuum "CM334"	mc_1D-2	PE	151	6626266	6224466	2796140	89.84
CaCM334_Pc	Capsicum annuum "CM334"	mc_1D-3	PE	151	4645026	4371336	1964617	89.89
CaCM334_Pc	Capsicum annuum "CM334"	mc_2D-1	PE	151	4717976	4385924	1908829	87.04
CaCM334_Pc	Capsicum annuum "CM334"	mc_2D-2	PE	151	4908334	4582186	1967446	85.87
CaCM334_Pc	Capsicum annuum "CM334"	mc_2D-3	PE	151	4408652	4103622	1792976	87.39
CaCM334_virus	Capsicum annuum "CM334"	Pep_1D-1	PE	101	9615394	9209652	4384244	95.21
CaCM334_virus	Capsicum annuum "CM334"	Pep_1D-2	PE	101	6527170	6241856	2949739	94.51
CaCM334_virus	Capsicum annuum "CM334"	Pep_1D-3	PE	101	11317304	10845224	5139956	94.79
CaCM334_virus	Capsicum annuum "CM334"	Pep_2D-1	PE	101	17910556	17182664	8108751	94.38
CaCM334_virus	Capsicum annuum "CM334"	Pep_2D-2	PE	101	20351008	19462390	9090227	93.41
CaCM334_virus	Capsicum annuum "CM334"	Pep_2D-3	PE	101	17713856	16885858	7900880	93.58
CaCM334_virus	Capsicum annuum "CM334"	Pep_30m-1	PE	101	13791778	13135018	6214847	94.63
CaCM334_virus	Capsicum annuum "CM334"	Pep_30m-2	PE	101	10402096	9913664	4636608	93.54
CaCM334_virus	Capsicum annuum "CM334"	Pep_30m-3	PE	101	16367114	15637328	7365272	94.2
CaCM334_virus	Capsicum annuum "CM334"	Pep_3D-1	PE	101	16125662	15437292	7240454	93.8
CaCM334_virus	Capsicum annuum "CM334"	Pep_3D-2	PE	101	12212422	11674942	5469615	93.7
CaCM334_virus	Capsicum annuum "CM334"	Pep_3D-3	PE	101	7889628	7546152	3572954	94.7
CaCM334_virus	Capsicum annuum "CM334"	Pep_4h-1	PE	101	6917734	6621280	3115885	94.12
CaCM334_virus	Capsicum annuum "CM334"	Pep_4h-2	PE	101	9867742	9397904	4384442	93.31
CaCM334_virus	Capsicum annuum "CM334"	Pep_4h-3	PE	101	3542450	3390056	1562151	92.16
CaCM334_virus	Capsicum annuum "CM334"	Pep-up-1	PE	101	14530750	13906298	6561748	94.37
CaCM334_Pi	Capsicum annuum "CM334"	Pi_0h-1	PE	101	11857342	11331586	5257680	92.8
CaCM334_Pi	Capsicum annuum "CM334"	Pi_1D-1	PE	101	10548406	10099894	4782198	94.7
CaCM334_Pi	Capsicum annuum "CM334"	Pi_1D-2	PE	101	13931730	13253406	6286726	94.87
CaCM334_Pi	Capsicum annuum "CM334"	Pi_1D-3	PE	101	8671868	8316504	3925787	94.41
CaCM334_Pi	Capsicum annuum "CM334"	Pi_3.5D-1	PE	101	12935504	12319738	5864008	95.2
CaCM334_Pi	Capsicum annuum "CM334"	Pi_3.5D-2	PE	101	15981076	15305322	7287641	95.23
CaCM334_Pi	Capsicum annuum "CM334"	Pi_3.5D-3	PE	101	11715806	11237180	5360785	95.41
CaCM334_Pi	Capsicum annuum "CM334"	Pi_2D-1	PE	101	13766670	13172346	6177967	93.8
CaCM334_Pi	Capsicum annuum "CM334"	Pi_2D-2	PE	101	14834622	14212090	6724944	94.64
CaCM334_Pi	Capsicum annuum "CM334"	Pi_2D-3	PE	101	13010974	12454640	5918816	95.05
CaCM334_Pi	Capsicum annuum "CM334"	Pi_5D-1	PE	101	14088674	13474518	6405137	95.07
CaCM334_Pi	Capsicum annuum "CM334"	Pi_0h-2	PE	101	14606854	13937784	6524205	93.62
CaCM334_Pi	Capsicum annuum "CM334"	Pi_5D-2	PE	101	14450414	13889032	6638013	95.59
CaCM334_Pi	Capsicum annuum "CM334"	Pi_5D-3	PE	101	11731828	11260042	5378747	95.54
CaCM334_Pi	Capsicum annuum "CM334"	Pi_0h-3	PE	101	11026936	10528250	4939352	93.83
CaCM334_Pi	Capsicum annuum "CM334"	Pi_6h-1	PE	101	11014610	10566968	4943034	93.56
CaCM334_Pi	Capsicum annuum "CM334"	Pi_6h-2	PE	101	14530404	13916624	6565627	94.36
CaCM334_Pi	Capsicum annuum "CM334"	Pi_6h-3	PE	101	10504982	10027138	4733826	94.42
CaCM334_Pi	Capsicum annuum "CM334"	Pi_12h-1	PE	101	11708972	11201406	5276595	94.21
CaCM334_Pi	Capsicum annuum "CM334"	Pi_12h-2	PE	101	14177290	13557698	6400775	94.42
CaCM334_Pi	Capsicum annuum "CM334"	Pi_12h-3	PE	101	12051076	11524964	5412391	93.92
CaCM334_Pi	Capsicum annuum "CM334"	TDW_12h-1	PE	101	17324392	16591488	7924704	95.53
CaCM334_Pi	Capsicum annuum "CM334"	TDW_12h-2	PE	101	12357822	11850568	5676589	95.8
CaCM334_Pi	Capsicum annuum "CM334"	TDW_12h-3	PE	101	12951964	12503276	5988068	95.78
CaCM334_Pi	Capsicum annuum "CM334"	TDW_1D-1	PE	101	11233104	10284270	4935385	95.98
CaCM334_Pi	Capsicum annuum "CM334"	TDW_1D-2	PE	101	9493708	8935970	4290872	96.04
CaCM334_Pi	Capsicum annuum "CM334"	TDW_1D-3	PE	101	11141614	10398182	5001765	96.2
CaCM334_Pi	Capsicum annuum "CM334"	TDW_2D-1	PE	101	11106574	10553660	5085262	96.37
CaCM334_Pi	Capsicum annuum "CM334"	TDW_2D-2	PE	101	16148198	15380360	7391043	96.11
CaCM334_Pi	Capsicum annuum "CM334"	TDW_2D-3	PE	101	10318558	9886958	4777557	96.64
CaCM334_Pi	Capsicum annuum "CM334"	TDW_3.5D-1	PE	101	11581606	10997158	5314252	96.65
CaCM334_Pi	Capsicum annuum "CM334"	TDW_3.5D-2	PE	101	11421278	10805718	5233919	96.87
CaCM334_Pi	Capsicum annuum "CM334"	TDW_3.5D-3	PE	101	9263678	8838964	4285912	96.98
CaCM334_Pi	Capsicum annuum "CM334"	TDW_5D-1	PE	101	12639528	12095436	5860538	96.9
CaCM334_Pi	Capsicum annuum "CM334"	TDW_5D-2	PE	101	11113560	10283248	4983482	96.92
CaCM334_Pi	Capsicum annuum "CM334"	TDW_5D-3	PE	101	10850762	10180824	4936937	96.99
CaCM334_Pi	Capsicum annuum "CM334"	TDW_6h-1	PE	101	13989530	13155362	6276161	95.42
CaCM334_Pi	Capsicum annuum "CM334"	TDW_6h-2	PE	101	12236420	11392282	5441103	95.52
CaCM334_Pi	Capsicum annuum "CM334"	TDW_6h-3	PE	101	16253670	15539096	7433658	95.68
CaCM334	Capsicum annuum "CM334"	flower-1	PE	151	25320322	24096410	10988725	91.21
CaCM334	Capsicum annuum "CM334"	flower-2	PE	151	17366842	16393152	7439708	90.77
CC	Capsicum chinense "PI159236"	stem-1	PE	101	20287050	19425754	9336662	96.13
CC	Capsicum chinense "PI159236"	stem-2	PE	101	13816800	13180816	6255167	94.91
CC	Capsicum chinense "PI159236"	stem-3	PE	101	15743552	15010944	7144910	95.2
CC	Capsicum chinense "PI159236"	root-1	PE	101	15462240	14846910	7184326	96.78
CC	Capsicum chinense "PI159236"	root-2	PE	101	12405602	11893738	5763417	96.92
CC	Capsicum chinense "PI159236"	root-3	PE	101	12595874	12117668	5865816	96.81
CC	Capsicum chinense "PI159236"	pericarpM-1	PE	151	14689406	13977824	6542745	93.62
CC	Capsicum chinense "PI159236"	pericarpM-2	PE	151	22426788	21222074	9913683	93.43
CC	Capsicum chinense "PI159236"	pericarpM-3	PE	151	16858578	16251890	7612513	93.68
CC	Capsicum chinense "PI159236"	flower-1	PE	126	12811088	12531382	6186725	98.74
CC	Capsicum chinense "PI159236"	flower-2	PE	126	11502046	11211506	5536797	98.77
CC	Capsicum chinense "PI159236"	flower-3	PE	126	12498638	12229248	6042049	98.81
CC	Capsicum chinense "PI159236"	pericarpIM-1	PE	126	35873418	30349544	7230693	47.65
CC	Capsicum chinense "PI159236"	pericarpIM-2	PE	126	13369714	13096122	6488291	99.09
CC	Capsicum chinense "PI159236"	pericarpIM-3	PE	126	13770650	13492978	6686686	99.11
CC	Capsicum chinense "PI159236"	placentaIM-1	PE	126	13707628	13442148	6660198	99.09
CC	Capsicum chinense "PI159236"	placentaIM-2	PE	126	12923556	12678330	6282260	99.1
CC	Capsicum chinense "PI159236"	placentaIM-3	PE	126	13154898	12889552	6389147	99.14
CC	Capsicum chinense "PI159236"	placentaM-1	PE	151	7199654	7059594	3440335	97.47
CC	Capsicum chinense "PI159236"	placentaM-2	PE	151	7495938	7370562	3594838	97.55
CC	Capsicum chinense "PI159236"	placentaM-3	PE	151	7210916	7064614	3443704	97.49
CC	Capsicum chinense "PI159236"	leaf-1	PE	101	13690578	13082324	6321122	96.64
CC	Capsicum chinense "PI159236"	leaf-2	PE	101	13485006	12654310	6025275	95.23
CC	Capsicum chinense "PI159236"	leaf-3	PE	101	21737894	20524542	9858212	96.06
CaECW.L1	Capsicum annuum "ECW.PL.L1"	placenta1-1	PE	101	9209474	8807316	4328956	98.3
CaECW.L1	Capsicum annuum "ECW.PL.L1"	placenta1-2	PE	101	11500904	10988958	5402383	98.32
CaECW.L1	Capsicum annuum "ECW.PL.L1"	placenta1-3	PE	101	11913396	11429204	5613790	98.24
CaECW.L1	Capsicum annuum "ECW.PL.L1"	placenta2-1	PE	101	11316474	10886124	5344642	98.19
CaECW.L1	Capsicum annuum "ECW.PL.L1"	placenta2-2	PE	101	13141620	12603988	6181641	98.09
CaECW.L1	Capsicum annuum "ECW.PL.L1"	placenta2-3	PE	101	12491142	12012166	5893242	98.12
CaECW.L1	Capsicum annuum "ECW.PL.L1"	placenta3-1	PE	101	13282326	12801936	6280268	98.11
CaECW.L1	Capsicum annuum "ECW.PL.L1"	placenta3-2	PE	101	11604122	11183286	5487994	98.15
CaECW.L1	Capsicum annuum "ECW.PL.L1"	placenta3-3	PE	101	12599176	12131122	5951968	98.13
CaECW.L1	Capsicum annuum "ECW.PL.L1"	placentaB-1	PE	101	12831736	12297088	6041426	98.26
CaECW.L1	Capsicum annuum "ECW.PL.L1"	placentaB-2	PE	101	12235024	11715308	5762582	98.38
CaECW.L1	Capsicum annuum "ECW.PL.L1"	placentaB-3	PE	101	13102264	12513180	6160902	98.47
CaECW.L1	Capsicum annuum "ECW.PL.L1"	placentaB10-1	PE	101	11713796	11306268	5551265	98.2
CaECW.L1	Capsicum annuum "ECW.PL.L1"	placentaB10-2	PE	101	11275674	10861454	5336302	98.26
CaECW.L1	Capsicum annuum "ECW.PL.L1"	placentaB10-3	PE	101	11361248	10887912	5303453	97.42
CaECW.L1	Capsicum annuum "ECW.PL.L1"	placentaB5-1	PE	101	13617276	13056820	6396986	97.99
CaECW.L1	Capsicum annuum "ECW.PL.L1"	placentaB5-2	PE	101	12812810	12326752	6060565	98.33
CaECW.L1	Capsicum annuum "ECW.PL.L1"	placentaB5-3	PE	101	12264092	11796202	5793735	98.23
CaECW.L1	Capsicum annuum "ECW.PL.L1"	placentaMG-1	PE	101	11646124	11179026	5495995	98.33
CaECW.L1	Capsicum annuum "ECW.PL.L1"	placentaMG-2	PE	101	10693066	10212134	5015827	98.23
CaECW.L1	Capsicum annuum "ECW.PL.L1"	placentaMG-3	PE	101	10379320	9886960	4859950	98.31
CaECW.L2	Capsicum annuum "ECW.PL.L2"	placenta1-1	PE	101	9215530	8816362	4331358	98.26
CaECW.L2	Capsicum annuum "ECW.PL.L2"	placenta1-2	PE	101	11543662	11024498	5417028	98.27
CaECW.L2	Capsicum annuum "ECW.PL.L2"	placenta1-3	PE	101	11923110	11438356	5615491	98.19
CaECW.L2	Capsicum annuum "ECW.PL.L2"	placenta2-1	PE	101	11326514	10900958	5349309	98.14
CaECW.L2	Capsicum annuum "ECW.PL.L2"	placenta2-2	PE	101	13191108	12652826	6202214	98.04
CaECW.L2	Capsicum annuum "ECW.PL.L2"	placenta2-3	PE	101	12520786	12041802	5904822	98.07
CaECW.L2	Capsicum annuum "ECW.PL.L2"	placenta3-1	PE	101	13295994	12818036	6285061	98.07
CaECW.L2	Capsicum annuum "ECW.PL.L2"	placenta3-2	PE	101	11658420	11238384	5512162	98.1
CaECW.L2	Capsicum annuum "ECW.PL.L2"	placenta3-3	PE	101	12640814	12174668	5970626	98.08
CaECW.L2	Capsicum annuum "ECW.PL.L2"	placentaB-1	PE	101	12832900	12294972	6037062	98.2
CaECW.L2	Capsicum annuum "ECW.PL.L2"	placentaB-2	PE	101	12269942	11747860	5775613	98.33
CaECW.L2	Capsicum annuum "ECW.PL.L2"	placentaB-3	PE	101	13138588	12544404	6173218	98.42
CaECW.L2	Capsicum annuum "ECW.PL.L2"	placentaB10-1	PE	101	11691324	11288282	5539596	98.15
CaECW.L2	Capsicum annuum "ECW.PL.L2"	placentaB10-2	PE	101	11309964	10899124	5351948	98.21
CaECW.L2	Capsicum annuum "ECW.PL.L2"	placentaB10-3	PE	101	11400394	10920880	5317225	97.38
CaECW.L2	Capsicum annuum "ECW.PL.L2"	placentaB5-1	PE	101	13655796	13092296	6411986	97.95
CaECW.L2	Capsicum annuum "ECW.PL.L2"	placentaB5-2	PE	101	12859174	12373588	6079626	98.27
CaECW.L2	Capsicum annuum "ECW.PL.L2"	placentaB5-3	PE	101	12283042	11820612	5802846	98.18
CaECW.L2	Capsicum annuum "ECW.PL.L2"	placentaMG-1	PE	101	11694248	11228610	5518156	98.29
CaECW.L2	Capsicum annuum "ECW.PL.L2"	placentaMG-2	PE	101	10724208	10235030	5024475	98.18
CaECW.L2	Capsicum annuum "ECW.PL.L2"	placentaMG-3	PE	101	10426684	9927404	4877734	98.27
CaZunla-1	Capsicum annuum "Zunla-1"	stem	PE	90	46312128	43495916	20924696	96.21
CaZunla-1	Capsicum annuum "Zunla-1"	leaf	PE	90	45956096	42860938	20494655	95.63
CaZunla-1	Capsicum annuum "Zunla-1"	bud	PE	90	44496230	41120912	19956872	97.06
CaZunla-1	Capsicum annuum "Zunla-1"	flower	PE	90	45928708	42272952	19597580	92.72
CaZunla-1	Capsicum annuum "Zunla-1"	fruitB5	PE	90	37167160	34660734	16923910	97.65
CaZunla-1	Capsicum annuum "Zunla-1"	root	PE	90	56450386	53441032	24748801	92.62
CaZunla-1	Capsicum annuum "Zunla-1"	fruitB3	PE	90	64486520	61484440	30063173	97.79
CaZunla-1	Capsicum annuum "Zunla-1"	fruitB7	PE	90	76023478	72663050	34545110	95.08
CaZunla-1	Capsicum annuum "Zunla-1"	fruit2	PE	90	36691372	34901896	16840992	96.5
CaZunla-1	Capsicum annuum "Zunla-1"	fruit1	PE	90	37253812	35457498	17025645	96.03
CaZunla-1	Capsicum annuum "Zunla-1"	fruit3	PE	90	46941144	44547614	21315517	95.7
CaZunla-1	Capsicum annuum "Zunla-1"	fruit4	PE	90	47066538	44448650	20015385	90.06
CaZunla-1	Capsicum annuum "Zunla-1"	fruitMG	PE	90	45942856	43615920	20725494	95.04
CaZunla-1	Capsicum annuum "Zunla-1"	fruitB	PE	90	42903778	41107196	19739424	96.04
CaCM334_virus	Capsicum annuum "CM334"	TMV_P0_1D-1	SE	101	1111224	1094895	992299	90.63
CaCM334_virus	Capsicum annuum "CM334"	TMV_P0_1D-2	SE	101	1022274	1006630	904539	89.86
CaCM334_virus	Capsicum annuum "CM334"	TMV_P0_1D-3	SE	101	1016775	1001924	901820	90.01
CaCM334_virus	Capsicum annuum "CM334"	TMV_P0_2D-1	SE	101	935948	923072	827072	89.6
CaCM334_virus	Capsicum annuum "CM334"	TMV_P0_2D-2	SE	101	808681	797152	728854	91.43
CaCM334_virus	Capsicum annuum "CM334"	TMV_P0_2D-3	SE	101	1167715	1151047	1048578	91.1
CaCM334_virus	Capsicum annuum "CM334"	TMV_P0_30m-1	SE	101	10243390	10153118	9577331	94.33
CaCM334_virus	Capsicum annuum "CM334"	TMV_P0_30m-2	SE	101	10160756	10076623	9533869	94.61
CaCM334_virus	Capsicum annuum "CM334"	TMV_P0_30m-3	SE	101	16018906	15875111	15148727	95.42
CaCM334_virus	Capsicum annuum "CM334"	TMV_P0_3D-1	SE	101	1076998	1061073	941559	88.74
CaCM334_virus	Capsicum annuum "CM334"	TMV_P0_3D-2	SE	101	952804	937735	861525	91.87
CaCM334_virus	Capsicum annuum "CM334"	TMV_P0_3D-3	SE	101	846431	832248	702304	84.39
CaCM334_virus	Capsicum annuum "CM334"	TMV_P0_4h-1	SE	101	4455879	4417566	4196496	95
CaCM334_virus	Capsicum annuum "CM334"	TMV_P0_4h-2	SE	101	2490284	2471024	2364602	95.69
CaCM334_virus	Capsicum annuum "CM334"	TMV_P0_4h-3	SE	101	7992668	7924503	7593726	95.83
CaCM334_virus	Capsicum annuum "CM334"	TMV_P0-up-1	SE	101	820338	807465	727771	90.13
CaCM334_virus	Capsicum annuum "CM334"	TMV_P0-up-2	SE	101	673903	664499	595597	89.63
CaCM334_virus	Capsicum annuum "CM334"	TMV_P0-up-3	SE	101	744209	732180	656675	89.69
CaCM334_virus	Capsicum annuum "CM334"	TMV_P2_1D-1	SE	101	659428	648765	586773	90.44
CaCM334_virus	Capsicum annuum "CM334"	TMV_P2_1D-2	SE	101	630143	620493	555711	89.56
CaCM334_virus	Capsicum annuum "CM334"	TMV_P2_1D-3	SE	101	563861	556902	490038	87.99
CaCM334_virus	Capsicum annuum "CM334"	TMV_P2_2D-1	SE	101	463839	457055	412359	90.22
CaCM334_virus	Capsicum annuum "CM334"	TMV_P2_2D-2	SE	101	539096	531395	471821	88.79
CaCM334_virus	Capsicum annuum "CM334"	TMV_P2_2D-3	SE	101	430774	423831	376321	88.79
CaCM334_virus	Capsicum annuum "CM334"	TMV_P2_30m-1	SE	101	965471	952048	854478	89.75
CaCM334_virus	Capsicum annuum "CM334"	TMV_P2_30m-2	SE	101	1157605	1140736	1039274	91.11
CaCM334_virus	Capsicum annuum "CM334"	TMV_P2_30m-3	SE	101	1005360	991925	893295	90.06
CaCM334_virus	Capsicum annuum "CM334"	TMV_P2_3D-1	SE	101	914535	901476	811594	90.03
CaCM334_virus	Capsicum annuum "CM334"	TMV_P2_3D-2	SE	101	689267	678768	605321	89.18
CaCM334_virus	Capsicum annuum "CM334"	TMV_P2_3D-3	SE	101	680107	669166	599758	89.63
CaCM334_virus	Capsicum annuum "CM334"	TMV_P2_4h-1	SE	101	788242	776306	706200	90.97
CaCM334_virus	Capsicum annuum "CM334"	TMV_P2_4h-2	SE	101	762704	752537	682034	90.63
CaCM334_virus	Capsicum annuum "CM334"	TMV_P2_4h-3	SE	101	684341	675238	607636	89.99
CaCM334_virus	Capsicum annuum "CM334"	TMV_P2-up-3	SE	101	766909	756410	670701	88.67
CaCM334	Capsicum annuum "CM334"	pericarp3-2	SE	50	6915840	6189268	5300130	85.63
CaCM334	Capsicum annuum "CM334"	pericarp3-3	SE	50	7035198	6337261	5421779	85.55
CaCM334	Capsicum annuum "CM334"	pericarp1-1	SE	50	6616955	5941499	5118321	86.15
CaCM334	Capsicum annuum "CM334"	pericarp1-2	SE	50	6118517	5487867	4721726	86.04
CaCM334	Capsicum annuum "CM334"	pericarp1-3	SE	50	5196716	4646100	3980474	85.67
CaCM334	Capsicum annuum "CM334"	pericarp2-1	SE	50	5981794	5358858	4597602	85.79
CaCM334	Capsicum annuum "CM334"	pericarp2-2	SE	50	5532804	4955081	4258866	85.95
CaCM334	Capsicum annuum "CM334"	pericarp2-3	SE	50	7674220	6881563	5740639	83.42
CaCM334	Capsicum annuum "CM334"	pericarp3-1	SE	50	6760184	6047452	5161965	85.36
CaCM334	Capsicum annuum "CM334"	pericarpB10-2	SE	50	7110023	6379885	5442986	85.31
CaCM334	Capsicum annuum "CM334"	pericarpB10-3	SE	50	9740247	8730066	6794948	77.83
CaCM334	Capsicum annuum "CM334"	pericarpB10-1	SE	50	7353453	6569422	5630089	85.7
CaCM334	Capsicum annuum "CM334"	pericarpB5-3	SE	50	7447366	6643399	5711450	85.97
CaCM334	Capsicum annuum "CM334"	pericarpB5-2	SE	50	6171817	5516764	4682012	84.87
CaCM334	Capsicum annuum "CM334"	pericarpB5-1	SE	50	7742102	6922851	5957376	86.05
CaCM334	Capsicum annuum "CM334"	pericarpB-3	SE	50	7557171	6747077	5779124	85.65
CaCM334	Capsicum annuum "CM334"	pericarpB-2	SE	50	7482420	6695425	5758667	86.01
CaCM334	Capsicum annuum "CM334"	pericarpB-1	SE	50	8352096	7474360	6331111	84.7
CaCM334	Capsicum annuum "CM334"	pericarpMG-3	SE	50	4915201	4769574	4552087	95.44
CaCM334	Capsicum annuum "CM334"	pericarpMG-2	SE	50	6547555	5873201	5045276	85.9
CaCM334	Capsicum annuum "CM334"	pericarpMG-1	SE	50	7309491	6549703	5633625	86.01
CaCM334	Capsicum annuum "CM334"	leaf-1	SE	51	5085841	5061443	2473857	48.88
CaCM334	Capsicum annuum "CM334"	leaf-2	SE	51	6617326	6598859	5096047	77.23
CaCM334	Capsicum annuum "CM334"	leaf-3	SE	51	6251422	6225468	4669610	75.01
CaCM334	Capsicum annuum "CM334"	leaf-4	SE	51	6194698	6184406	4632871	74.91
CaCM334	Capsicum annuum "CM334"	placenta1-1	SE	51	4510705	4498371	3865526	85.93
CaCM334	Capsicum annuum "CM334"	placenta1-2	SE	51	5219126	5202597	4173962	80.23
CaCM334	Capsicum annuum "CM334"	placenta1-3	SE	51	4787112	4772002	4082717	85.56
CaCM334	Capsicum annuum "CM334"	placenta2-1	SE	51	5046367	5032466	4549844	90.41
CaCM334	Capsicum annuum "CM334"	placenta2-2	SE	51	5577038	5558688	4960466	89.24
CaCM334	Capsicum annuum "CM334"	placenta2-3	SE	51	4102198	4091263	3660449	89.47
CaCM334	Capsicum annuum "CM334"	placenta3-1	SE	51	4826889	4804347	4349942	90.54
CaCM334	Capsicum annuum "CM334"	placenta3-2	SE	51	5025708	5015350	4562671	90.97
CaCM334	Capsicum annuum "CM334"	placenta3-3	SE	51	4928023	4905756	4430773	90.32
CaCM334	Capsicum annuum "CM334"	placentaB-1	SE	51	5006932	4995341	4551365	91.11
CaCM334	Capsicum annuum "CM334"	placentaB-2	SE	51	4531545	4519578	4099927	90.71
CaCM334	Capsicum annuum "CM334"	placentaB-3	SE	51	5284282	5270753	4782230	90.73
CaCM334	Capsicum annuum "CM334"	placentaB10-1	SE	51	5497067	5482441	4973581	90.72
CaCM334	Capsicum annuum "CM334"	placentaB10-2	SE	51	5352453	5335898	4827986	90.48
CaCM334	Capsicum annuum "CM334"	placentaB10-3	SE	51	4826512	4815298	4380215	90.96
CaCM334	Capsicum annuum "CM334"	placentaB5-1	SE	51	5008783	4997769	4561362	91.27
CaCM334	Capsicum annuum "CM334"	placentaB5-2	SE	51	6721704	6706487	6115389	91.19
CaCM334	Capsicum annuum "CM334"	placentaB5-3	SE	51	5584411	5570666	5068817	90.99
CaCM334	Capsicum annuum "CM334"	placentaMG-1	SE	51	4175313	4132552	3717543	89.96
CaCM334	Capsicum annuum "CM334"	placentaMG-2	SE	51	4365387	4324678	3818264	88.29
CaCM334	Capsicum annuum "CM334"	placentaMG-3	SE	51	3869107	3834437	3461604	90.28
CaCM334	Capsicum annuum "CM334"	root-1	SE	51	5051787	5037206	4540059	90.13
CaCM334	Capsicum annuum "CM334"	root-2	SE	51	5476014	5461657	4930704	90.28
CaCM334	Capsicum annuum "CM334"	root-3	SE	51	4107071	4095210	3683213	89.94
CaCM334	Capsicum annuum "CM334"	stem-1	SE	51	5417084	5401149	4698215	86.99
CaCM334	Capsicum annuum "CM334"	stem-2	SE	51	4704678	4692004	4055619	86.44
CaCM334	Capsicum annuum "CM334"	stem-3	SE	51	5914967	5897783	5097686	86.43
SlHeinz	Solanum lycopersicum "Heinz1706"	leaf-1	SE	48	11220678	11157650	10675452	95.68
SlHeinz	Solanum lycopersicum "Heinz1706"	leaf-2	SE	48	10969265	10889266	10465311	96.11
SlHeinz	Solanum lycopersicum "Heinz1706"	root-1	SE	49	10657563	10596644	10100831	95.32
SlHeinz	Solanum lycopersicum "Heinz1706"	root-2	SE	49	10650553	10503620	10033877	95.53
SlHeinz	Solanum lycopersicum "Heinz1706"	flower-1	SE	48	10761639	10704858	10271062	95.95
SlHeinz	Solanum lycopersicum "Heinz1706"	flower-2	SE	48	10433160	10339545	9947577	96.21
SlHeinz	Solanum lycopersicum "Heinz1706"	bud-1	SE	48	12988759	12885830	12275322	95.26
SlHeinz	Solanum lycopersicum "Heinz1706"	bud-2	SE	48	12711669	12584976	11998793	95.34
SlHeinz	Solanum lycopersicum "Heinz1706"	fruit1-1	SE	49	9158268	9106617	8635572	94.83
SlHeinz	Solanum lycopersicum "Heinz1706"	fruit1-2	SE	49	9572645	8985729	8499429	94.59
SlHeinz	Solanum lycopersicum "Heinz1706"	fruit2-1	SE	49	7864754	7813240	7129166	91.24
SlHeinz	Solanum lycopersicum "Heinz1706"	fruit2-2	SE	49	9252491	9106159	8098106	88.93
SlHeinz	Solanum lycopersicum "Heinz1706"	fruit3-1	SE	49	11791752	11717159	10589082	90.37
SlHeinz	Solanum lycopersicum "Heinz1706"	fruit3-2	SE	49	11772391	11676036	10510735	90.02
SlHeinz	Solanum lycopersicum "Heinz1706"	fruitMG-1	SE	48	8423857	8294155	7784777	93.86
SlHeinz	Solanum lycopersicum "Heinz1706"	fruitMG-2	SE	48	10214504	10005770	9439427	94.34
SlHeinz	Solanum lycopersicum "Heinz1706"	fruitB-1	SE	48	11534326	11445782	10973149	95.87
SlHeinz	Solanum lycopersicum "Heinz1706"	fruitB-2	SE	48	11111053	11011526	10593227	96.2
SlHeinz	Solanum lycopersicum "Heinz1706"	fruitB10-1	SE	48	14085509	14003838	13395743	95.66
SlHeinz	Solanum lycopersicum "Heinz1706"	fruitB10-2	SE	48	13515035	13414526	12872498	95.96
